Name,Type1,Type2,Evolution
bulbasaur,Grass,Poison,ivysaur
ivysaur,Grass,Poison,venusaur
venusaur,Grass,Poison,NaN
charmander,Fire,NaN,charmeleon
charmeleon,Fire,NaN,charizard
charizard,Fire,Flying,NaN
squirtle,Water,NaN,wartortle
wartortle,Water,NaN,blastoise
blastoise,Water,NaN,NaN
caterpie,Bug,NaN,metapod
metapod,Bug,NaN,butterfree
butterfree,Bug,Flying,NaN
weedle,Bug,Poison,kakuna
kakuna,Bug,Poison,beedrill
beedrill,Bug,Poison,NaN
pidgey,Normal,Flying,pidgeotto
pidgeotto,Normal,Flying,pidgeot
pidgeot,Normal,Flying,NaN
rattata,Normal,NaN,raticate
raticate,Normal,NaN,NaN
spearow,Normal,Flying,fearow
fearow,Normal,Flying,NaN
ekans,Poison,NaN,arbok
arbok,Poison,NaN,NaN
pikachu,Electric,NaN,raichu
raichu,Electric,NaN,NaN
sandshrew,Ground,NaN,sandslash
sandslash,Ground,NaN,NaN
nidoran-f,Poison,NaN,nidorina
nidorina,Poison,NaN,nidoqueen
nidoqueen,Poison,Ground,NaN
nidoran-m,Poison,NaN,nidorino
nidorino,Poison,NaN,nidoking
nidoking,Poison,Ground,NaN
clefairy,Fairy,NaN,clefable
clefable,Fairy,NaN,NaN
vulpix,Fire,NaN,ninetales
ninetales,Fire,NaN,NaN
jigglypuff,Normal,Fairy,wigglytuff
wigglytuff,Normal,Fairy,NaN
zubat,Poison,Flying,golbat
golbat,Poison,Flying,crobat
oddish,Grass,Poison,gloom
gloom,Grass,Poison,vileplume
vileplume,Grass,Poison,NaN
paras,Bug,Grass,parasect
parasect,Bug,Grass,NaN
venonat,Bug,Poison,venonat
venomoth,Bug,Poison,NaN
diglett,Ground,NaN,dugtrio
dugtrio,Ground,NaN,NaN
meowth,Normal,NaN,persian
persian,Normal,NaN,NaN
psyduck,Water,NaN,golduck
golduck,Water,NaN,NaN
mankey,Fighting,NaN,primeape
primeape,Fighting,NaN,NaN
growlithe,Fire,NaN,arcanine
arcanine,Fire,NaN,NaN
poliwag,Water,NaN,poliwhirl
poliwhirl,Water,NaN,poliwrath
poliwrath,Water,Fighting,NaN
abra,Psychic,NaN,kadabra
kadabra,Psychic,NaN,alakazam
alakazam,Psychic,NaN,NaN
machop,Fighting,NaN,machoke
machoke,Fighting,NaN,machamp
machamp,Fighting,NaN,NaN
bellsprout,Grass,Poison,weepinbell
weepinbell,Grass,Poison,victreebel
victreebel,Grass,Poison,NaN
tentacool,Water,Poison,NaN
tentacruel,Water,Poison,NaN
geodude,Rock,Ground,graveler
graveler,Rock,Ground,golem
golem,Rock,Ground,NaN
ponyta,Fire,NaN,NaN
rapidash,Fire,NaN,NaN
slowpoke,Water,Psychic,slowbro
slowbro,Water,Psychic,NaN
magnemite,Electric,Steel,magneton
magneton,Electric,Steel,magnezone
farfetchd,Normal,Flying,NaN
doduo,Normal,Flying,dodrio
dodrio,Normal,Flying,NaN
seel,Water,NaN,dewgong
dewgong,Water,Ice,NaN
grimer,Poison,NaN,muk
muk,Poison,NaN,NaN
shellder,Water,NaN,cloyster
cloyster,Water,Ice,NaN
gastly,Ghost,Poison,haunter
haunter,Ghost,Poison,gengar
gengar,Ghost,Poison,NaN
onix,Rock,Ground,steelix
drowzee,Psychic,NaN,hypno
hypno,Psychic,NaN,NaN
krabby,Water,NaN,kingler
kingler,Water,NaN,NaN
voltorb,Electric,NaN,electrode
electrode,Electric,NaN,NaN
exeggcute,Grass,Psychic,exeggutor
exeggutor,Grass,Psychic,NaN
cubone,Ground,NaN,marowak
marowak,Ground,NaN,NaN
hitmonlee,Fighting,NaN,NaN
hitmonchan,Fighting,NaN,NaN
lickitung,Normal,NaN,lickilicky
koffing,Poison,NaN,wezzing
weezing,Poison,NaN,NaN
rhyhorn,Ground,Rock,rhydon
rhydon,Ground,Rock,rhyperior
chansey,Normal,NaN,blissey
tangela,Grass,NaN,tangrowth
kangaskhan,Normal,NaN,NaN
horsea,Water,NaN,seadra
seadra,Water,NaN,kingdra
goldeen,Water,NaN,seaking
seaking,Water,NaN,NaN
staryu,Water,NaN,starmie
starmie,Water,Psychic,NaN
mr-mime,Psychic,Fairy,mime-jr
scyther,Bug,Flying,scizor
jynx,Ice,Psychic,smoochum
electabuzz,Electric,NaN,electivire
magmar,Fire,NaN,magmortar
pinsir,Bug,NaN,NaN
tauros,Normal,NaN,NaN
magikarp,Water,NaN,gyarados
gyarados,Water,Flying,NaN
lapras,Water,Ice,NaN
ditto,Normal,NaN,NaN
eevee,Normal,NaN,vaporeon
vaporeon,Water,NaN,jolteon
jolteon,Electric,NaN,flareon
flareon,Fire,NaN,NaN
porygon,Normal,NaN,porygon2
omanyte,Rock,Water,omastar
omastar,Rock,Water,NaN
kabuto,Rock,Water,kabutops
kabutops,Rock,Water,NaN
aerodactyl,Rock,Flying,NaN
snorlax,Normal,NaN,NaN
articuno,Ice,Flying,NaN
zapdos,Electric,Flying,NaN
moltres,Fire,Flying,NaN
dratini,Dragon,NaN,dragonair
dragonair,Dragon,NaN,dragonite
dragonite,Dragon,Flying,NaN
mewtwo,Psychic,NaN,NaN
mew,Psychic,NaN,NaN
chikorita,Grass,NaN,bayleef
bayleef,Grass,NaN,meganium
meganium,Grass,NaN,NaN
cyndaquil,Fire,NaN,quilava
quilava,Fire,NaN,typhlosion
typhlosion,Fire,NaN,NaN
totodile,Water,NaN,croconaw
croconaw,Water,NaN,feraligatr
feraligatr,Water,NaN,NaN
sentret,Normal,NaN,furret
furret,Normal,NaN,NaN
hoothoot,Normal,Flying,noctowl
noctowl,Normal,Flying,NaN
ledyba,Bug,Flying,ledian
ledian,Bug,Flying,NaN
spinarak,Bug,Poison,ariados
ariados,Bug,Poison,NaN
crobat,Poison,Flying,NaN
chinchou,Water,Electric,lanturn
lanturn,Water,Electric,NaN
pichu,Electric,NaN,pikachu
cleffa,Fairy,NaN,clefairy
igglybuff,Normal,Fairy,jigglypuff
togepi,Fairy,NaN,togetic
togetic,Fairy,Flying,togekiss
natu,Psychic,Flying,xatu
xatu,Psychic,Flying,NaN
mareep,Electric,NaN,flaaffy
flaaffy,Electric,NaN,ampharos
ampharos,Electric,NaN,NaN
bellossom,Grass,NaN,NaN
marill,Water,Fairy,azumarill
azumarill,Water,Fairy,NaN
sudowoodo,Rock,NaN,NaN
politoed,Water,NaN,NaN
hoppip,Grass,Flying,skiploom
skiploom,Grass,Flying,jumpluff
jumpluff,Grass,Flying,NaN
aipom,Normal,NaN,ambipom
sunkern,Grass,NaN,sunflora
sunflora,Grass,NaN,NaN
yanma,Bug,Flying,yanmega
wooper,Water,Ground,quagsire
quagsire,Water,Ground,NaN
espeon,Psychic,NaN,NaN
umbreon,Dark,NaN,NaN
murkrow,Dark,Flying,honchkrow
slowking,Water,Psychic,NaN
misdreavus,Ghost,NaN,mismagius
unown,Psychic,NaN,NaN
wobbuffet,Psychic,NaN,NaN
girafarig,Normal,Psychic,NaN
pineco,Bug,NaN,forretress
forretress,Bug,Steel,NaN
dunsparce,Normal,NaN,NaN
gligar,Ground,Flying,gliscor
steelix,Steel,Ground,NaN
snubbull,Fairy,NaN,granbull
granbull,Fairy,NaN,NaN
qwilfish,Water,Poison,NaN
scizor,Bug,Steel,NaN
shuckle,Bug,Rock,NaN
heracross,Bug,Fighting,NaN
sneasel,Dark,Ice,weavile
teddiursa,Normal,NaN,ursaring
ursaring,Normal,NaN,NaN
slugma,Fire,NaN,magcargo
magcargo,Fire,Rock,NaN
swinub,Ice,Ground,piloswine
piloswine,Ice,Ground,mamoswine
corsola,Water,Rock,NaN
remoraid,Water,NaN,octillery
octillery,Water,NaN,NaN
delibird,Ice,Flying,NaN
mantine,Water,Flying,NaN
skarmory,Steel,Flying,NaN
houndour,Dark,Fire,houndoom
houndoom,Dark,Fire,NaN
kingdra,Water,Dragon,NaN
phanpy,Ground,NaN,donphan
donphan,Ground,NaN,NaN
porygon2,Normal,NaN,NaN
stantler,Normal,NaN,NaN
smeargle,Normal,NaN,NaN
tyrogue,Fighting,NaN,hitmontop
hitmontop,Fighting,NaN,NaN
smoochum,Ice,Psychic,NaN
elekid,Electric,NaN,NaN
magby,Fire,NaN,NaN
miltank,Normal,NaN,NaN
blissey,Normal,NaN,NaN
raikou,Electric,NaN,NaN
entei,Fire,NaN,NaN
suicune,Water,NaN,NaN
larvitar,Rock,Ground,pupitar
pupitar,Rock,Ground,tyranitar
tyranitar,Rock,Dark,NaN
lugia,Psychic,Flying,NaN
ho-oh,Fire,Flying,NaN
celebi,Psychic,Grass,NaN
treecko,Grass,NaN,grovyle
grovyle,Grass,NaN,sceptile
sceptile,Grass,NaN,NaN
torchic,Fire,NaN,combusken
combusken,Fire,Fighting,blaziken
blaziken,Fire,Fighting,NaN
mudkip,Water,NaN,marshtomp
marshtomp,Water,Ground,swampert
swampert,Water,Ground,NaN
poochyena,Dark,NaN,mightyena
mightyena,Dark,NaN,NaN
zigzagoon,Normal,NaN,linoone
linoone,Normal,NaN,NaN
wurmple,Bug,NaN,silcoon
silcoon,Bug,NaN,beautifly
beautifly,Bug,Flying,NaN
cascoon,Bug,NaN,dustox
dustox,Bug,Poison,NaN
lotad,Water,Grass,lombre
lombre,Water,Grass,ludicolo
ludicolo,Water,Grass,NaN
seedot,Grass,NaN,nuzleaf
nuzleaf,Grass,Dark,shiftry
shiftry,Grass,Dark,NaN
taillow,Normal,Flying,swellow
swellow,Normal,Flying,NaN
wingull,Water,Flying,pelipper
pelipper,Water,Flying,NaN
ralts,Psychic,Fairy,kirlia
kirlia,Psychic,Fairy,gardevoir
gardevoir,Psychic,Fairy,NaN
surskit,Bug,Water,masquerain
masquerain,Bug,Flying,NaN
shroomish,Grass,NaN,breloom
breloom,Grass,Fighting,NaN
slakoth,Normal,NaN,vigoroth
vigoroth,Normal,NaN,slaking
slaking,Normal,NaN,NaN
nincada,Bug,Ground,ninjask
ninjask,Bug,Flying,NaN
shedinja,Bug,Ghost,NaN
whismur,Normal,NaN,loudred
loudred,Normal,NaN,exploud
exploud,Normal,NaN,NaN
makuhita,Fighting,NaN,hariyama
hariyama,Fighting,NaN,NaN
azurill,Normal,Fairy,marill
nosepass,Rock,NaN,probopass
skitty,Normal,NaN,delcatty
delcatty,Normal,NaN,NaN
sableye,Dark,Ghost,NaN
mawile,Steel,Fairy,NaN
aron,Steel,Rock,lairon
lairon,Steel,Rock,aggron
aggron,Steel,Rock,NaN
meditite,Fighting,Psychic,medicham
medicham,Fighting,Psychic,NaN
electrike,Electric,NaN,manectric
manectric,Electric,NaN,NaN
plusle,Electric,NaN,NaN
minun,Electric,NaN,NaN
volbeat,Bug,NaN,NaN
illumise,Bug,NaN,NaN
roselia,Grass,Poison,roserade
gulpin,Poison,NaN,swalot
swalot,Poison,NaN,NaN
carvanha,Water,Dark,sharpedo
sharpedo,Water,Dark,NaN
wailmer,Water,NaN,wailord
wailord,Water,NaN,NaN
numel,Fire,Ground,camerupt
camerupt,Fire,Ground,NaN
torkoal,Fire,NaN,NaN
spoink,Psychic,NaN,grumpig
grumpig,Psychic,NaN,NaN
spinda,Normal,NaN,NaN
trapinch,Ground,NaN,vibrava
vibrava,Ground,Dragon,flygon
flygon,Ground,Dragon,NaN
cacnea,Grass,NaN,cacturne
cacturne,Grass,Dark,NaN
swablu,Normal,Flying,altaria
altaria,Dragon,Flying,NaN
zangoose,Normal,NaN,NaN
seviper,Poison,NaN,NaN
lunatone,Rock,Psychic,NaN
solrock,Rock,Psychic,NaN
barboach,Water,Ground,whiscash
whiscash,Water,Ground,NaN
corphish,Water,NaN,crawdaunt
crawdaunt,Water,Dark,NaN
baltoy,Ground,Psychic,claydol
claydol,Ground,Psychic,NaN
lileep,Rock,Grass,cradily
cradily,Rock,Grass,NaN
anorith,Rock,Bug,armaldo
armaldo,Rock,Bug,NaN
feebas,Water,NaN,milotic
milotic,Water,NaN,NaN
castform,Normal,NaN,NaN
kecleon,Normal,NaN,NaN
shuppet,Ghost,NaN,banette
banette,Ghost,NaN,NaN
duskull,Ghost,NaN,dusclops
dusclops,Ghost,NaN,dusknoir
tropius,Grass,Flying,NaN
chimecho,Psychic,NaN,NaN
absol,Dark,NaN,NaN
wynaut,Psychic,NaN,wobbuffet
snorunt,Ice,NaN,glalie
glalie,Ice,NaN,NaN
spheal,Ice,Water,sealeo
sealeo,Ice,Water,walrein
walrein,Ice,Water,NaN
clamperl,Water,NaN,huntail
huntail,Water,NaN,NaN
gorebyss,Water,NaN,NaN
relicanth,Water,Rock,NaN
luvdisc,Water,NaN,NaN
bagon,Dragon,NaN,shelgon
shelgon,Dragon,NaN,salamence
salamence,Dragon,Flying,NaN
beldum,Steel,Psychic,metang
metang,Steel,Psychic,metagross
metagross,Steel,Psychic,NaN
regirock,Rock,NaN,NaN
regice,Ice,NaN,NaN
registeel,Steel,NaN,NaN
latias,Dragon,Psychic,NaN
latios,Dragon,Psychic,NaN
kyogre,Water,NaN,NaN
groudon,Ground,NaN,NaN
rayquaza,Dragon,Flying,NaN
jirachi,Steel,Psychic,NaN
deoxys-normal,Psychic,NaN,NaN
turtwig,Grass,NaN,grotle
grotle,Grass,NaN,torterra
torterra,Grass,Ground,NaN
chimchar,Fire,NaN,monferno
monferno,Fire,Fighting,infernape
infernape,Fire,Fighting,NaN
piplup,Water,NaN,prinplup
prinplup,Water,NaN,empoleon
empoleon,Water,Steel,NaN
starly,Normal,Flying,staravia
staravia,Normal,Flying,staraptor
staraptor,Normal,Flying,NaN
bidoof,Normal,NaN,bibarel
bibarel,Normal,Water,NaN
kricketot,Bug,NaN,kricketune
kricketune,Bug,NaN,NaN
shinx,Electric,NaN,luxio
luxio,Electric,NaN,luxray
luxray,Electric,NaN,NaN
budew,Grass,Poison,roselia
roserade,Grass,Poison,NaN
cranidos,Rock,NaN,rampardos
rampardos,Rock,NaN,NaN
shieldon,Rock,Steel,bastiodon
bastiodon,Rock,Steel,NaN
burmy,Bug,NaN,wormadam-plant
wormadam-plant,Bug,Grass,NaN
mothim,Bug,Flying,NaN
combee,Bug,Flying,vespiquen
vespiquen,Bug,Flying,NaN
pachirisu,Electric,NaN,NaN
buizel,Water,NaN,floatzel
floatzel,Water,NaN,NaN
cherubi,Grass,NaN,cherrim
cherrim,Grass,NaN,NaN
shellos,Water,NaN,gastrodon
gastrodon,Water,Ground,NaN
ambipom,Normal,NaN,NaN
drifloon,Ghost,Flying,drifblim
drifblim,Ghost,Flying,NaN
buneary,Normal,NaN,lopunny
lopunny,Normal,NaN,NaN
mismagius,Ghost,NaN,NaN
honchkrow,Dark,Flying,NaN
glameow,Normal,NaN,purugly
purugly,Normal,NaN,NaN
chingling,Psychic,NaN,NaN
stunky,Poison,Dark,skuntank
skuntank,Poison,Dark,NaN
bronzor,Steel,Psychic,bronzong
bronzong,Steel,Psychic,NaN
bonsly,Rock,NaN,sudowoodo
mime-jr,Psychic,Fairy,mr-mime
happiny,Normal,NaN,chansey
chatot,Normal,Flying,NaN
spiritomb,Ghost,Dark,NaN
gible,Dragon,Ground,gabite
gabite,Dragon,Ground,garchomp
garchomp,Dragon,Ground,NaN
munchlax,Normal,NaN,snorlax
riolu,Fighting,NaN,lucario
lucario,Fighting,Steel,NaN
hippopotas,Ground,NaN,hippowdon
hippowdon,Ground,NaN,NaN
skorupi,Poison,Bug,drapion
drapion,Poison,Dark,NaN
croagunk,Poison,Fighting,toxicroak
toxicroak,Poison,Fighting,NaN
carnivine,Grass,NaN,NaN
finneon,Water,NaN,lumineon
lumineon,Water,NaN,NaN
mantyke,Water,Flying,mantine
snover,Grass,Ice,abomasnow
abomasnow,Grass,Ice,NaN
weavile,Dark,Ice,NaN
magnezone,Electric,Steel,NaN
lickilicky,Normal,NaN,NaN
rhyperior,Ground,Rock,NaN
tangrowth,Grass,NaN,NaN
electivire,Electric,NaN,NaN
magmortar,Fire,NaN,NaN
togekiss,Fairy,Flying,NaN
yanmega,Bug,Flying,NaN
leafeon,Grass,NaN,NaN
glaceon,Ice,NaN,NaN
gliscor,Ground,Flying,NaN
mamoswine,Ice,Ground,NaN
porygon-z,Normal,NaN,NaN
gallade,Psychic,Fighting,NaN
probopass,Rock,Steel,NaN
dusknoir,Ghost,NaN,NaN
froslass,Ice,Ghost,NaN
rotom,Electric,Ghost,NaN
uxie,Psychic,NaN,NaN
mesprit,Psychic,NaN,NaN
azelf,Psychic,NaN,NaN
dialga,Steel,Dragon,NaN
palkia,Water,Dragon,NaN
heatran,Fire,Steel,NaN
regigigas,Normal,NaN,NaN
giratina-altered,Ghost,Dragon,NaN
cresselia,Psychic,NaN,NaN
phione,Water,NaN,NaN
manaphy,Water,NaN,NaN
darkrai,Dark,NaN,NaN
shaymin-land,Grass,NaN,NaN
arceus,Normal,NaN,NaN
victini,Psychic,Fire,NaN
snivy,Grass,NaN,servine
servine,Grass,NaN,serperior
serperior,Grass,NaN,NaN
tepig,Fire,NaN,pignite
pignite,Fire,Fighting,emboar
emboar,Fire,Fighting,NaN
oshawott,Water,NaN,dewott
dewott,Water,NaN,samurott
samurott,Water,NaN,NaN
patrat,Normal,NaN,watchog
watchog,Normal,NaN,NaN
lillipup,Normal,NaN,herdier
herdier,Normal,NaN,stoutland
stoutland,Normal,NaN,NaN
purrloin,Dark,NaN,liepard
liepard,Dark,NaN,NaN
pansage,Grass,NaN,simisage
simisage,Grass,NaN,NaN
pansear,Fire,NaN,simisear
simisear,Fire,NaN,NaN
panpour,Water,NaN,simipour
simipour,Water,NaN,NaN
munna,Psychic,NaN,musharna
musharna,Psychic,NaN,NaN
pidove,Normal,Flying,tranquill
tranquill,Normal,Flying,unfezant
unfezant,Normal,Flying,NaN
blitzle,Electric,NaN,zebstrika
zebstrika,Electric,NaN,NaN
roggenrola,Rock,NaN,boldore
boldore,Rock,NaN,gigalith
gigalith,Rock,NaN,NaN
woobat,Psychic,Flying,swoobat
swoobat,Psychic,Flying,NaN
drilbur,Ground,NaN,excadrill
excadrill,Ground,Steel,NaN
audino,Normal,NaN,NaN
timburr,Fighting,NaN,gurdurr
gurdurr,Fighting,NaN,conkeldurr
conkeldurr,Fighting,NaN,NaN
tympole,Water,NaN,palpitoad
palpitoad,Water,Ground,seismitoad
seismitoad,Water,Ground,NaN
throh,Fighting,NaN,NaN
sawk,Fighting,NaN,NaN
sewaddle,Bug,Grass,swadloon
swadloon,Bug,Grass,leavanny
leavanny,Bug,Grass,NaN
venipede,Bug,Poison,whirlipede
whirlipede,Bug,Poison,scolipede
scolipede,Bug,Poison,NaN
cottonee,Grass,Fairy,whimsicott
whimsicott,Grass,Fairy,NaN
petilil,Grass,NaN,lilligant
lilligant,Grass,NaN,NaN
basculin-red-striped,Water,NaN,NaN
sandile,Ground,Dark,krokorok
krokorok,Ground,Dark,krookodile
krookodile,Ground,Dark,NaN
darumaka,Fire,NaN,darmanitan-standard
darmanitan-standard,Fire,NaN,NaN
maractus,Grass,NaN,NaN
dwebble,Bug,Rock,crustle
crustle,Bug,Rock,NaN
scraggy,Dark,Fighting,scrafty
scrafty,Dark,Fighting,NaN
sigilyph,Psychic,Flying,NaN
yamask,Ghost,NaN,cofagrigus
cofagrigus,Ghost,NaN,NaN
tirtouga,Water,Rock,carracosta
carracosta,Water,Rock,NaN
archen,Rock,Flying,archeops
archeops,Rock,Flying,NaN
trubbish,Poison,NaN,garbodor
garbodor,Poison,NaN,NaN
zorua,Dark,NaN,zoroark
zoroark,Dark,NaN,NaN
minccino,Normal,NaN,cinccino
cinccino,Normal,NaN,NaN
gothita,Psychic,NaN,gothorita
gothorita,Psychic,NaN,gothitelle
gothitelle,Psychic,NaN,NaN
solosis,Psychic,NaN,duosion
duosion,Psychic,NaN,reuniclus
reuniclus,Psychic,NaN,NaN
ducklett,Water,Flying,swanna
swanna,Water,Flying,NaN
vanillite,Ice,NaN,vanillish
vanillish,Ice,NaN,vanilluxe
vanilluxe,Ice,NaN,NaN
deerling,Normal,Grass,sawsbuck
sawsbuck,Normal,Grass,NaN
emolga,Electric,Flying,NaN
karrablast,Bug,NaN,escavalier
escavalier,Bug,Steel,NaN
foongus,Grass,Poison,amoonguss
amoonguss,Grass,Poison,NaN
frillish,Water,Ghost,jellicent
jellicent,Water,Ghost,NaN
alomomola,Water,NaN,NaN
joltik,Bug,Electric,galvantula
galvantula,Bug,Electric,NaN
ferroseed,Grass,Steel,ferrothorn
ferrothorn,Grass,Steel,NaN
klink,Steel,NaN,klang
klang,Steel,NaN,klinklang
klinklang,Steel,NaN,NaN
tynamo,Electric,NaN,eelektrik
eelektrik,Electric,NaN,eelektross
eelektross,Electric,NaN,NaN
elgyem,Psychic,NaN,beheeyem
beheeyem,Psychic,NaN,NaN
litwick,Ghost,Fire,lampent
lampent,Ghost,Fire,chandelure
chandelure,Ghost,Fire,NaN
axew,Dragon,NaN,fraxure
fraxure,Dragon,NaN,haxorus
haxorus,Dragon,NaN,NaN
cubchoo,Ice,NaN,beartic
beartic,Ice,NaN,NaN
cryogonal,Ice,NaN,NaN
shelmet,Bug,NaN,accelgor
accelgor,Bug,NaN,NaN
stunfisk,Ground,Electric,NaN
mienfoo,Fighting,NaN,mienshao
mienshao,Fighting,NaN,NaN
druddigon,Dragon,NaN,NaN
golett,Ground,Ghost,golurk
golurk,Ground,Ghost,NaN
pawniard,Dark,Steel,bisharp
bisharp,Dark,Steel,NaN
bouffalant,Normal,NaN,NaN
rufflet,Normal,Flying,braviary
braviary,Normal,Flying,NaN
vullaby,Dark,Flying,mandibuzz
mandibuzz,Dark,Flying,NaN
heatmor,Fire,NaN,NaN
durant,Bug,Steel,NaN
deino,Dark,Dragon,zweilous
zweilous,Dark,Dragon,hydreigon
hydreigon,Dark,Dragon,NaN
larvesta,Bug,Fire,volcarona
volcarona,Bug,Fire,NaN
cobalion,Steel,Fighting,NaN
terrakion,Rock,Fighting,NaN
virizion,Grass,Fighting,NaN
tornadus-incarnate,Flying,NaN,NaN
thundurus-incarnate,Electric,Flying,NaN
reshiram,Dragon,Fire,NaN
zekrom,Dragon,Electric,NaN
landorus-incarnate,Ground,Flying,NaN
kyurem,Dragon,Ice,NaN
keldeo-ordinary,Water,Fighting,NaN
meloetta-aria,Normal,Psychic,NaN
genesect,Bug,Steel,NaN
chespin,Grass,NaN,quilladin
quilladin,Grass,NaN,chesnaught
chesnaught,Grass,Fighting,NaN
fennekin,Fire,NaN,braixen
braixen,Fire,NaN,delphox
delphox,Fire,Psychic,NaN
froakie,Water,NaN,frogadier
frogadier,Water,NaN,greninja
greninja,Water,Dark,NaN
bunnelby,Normal,NaN,diggersby
diggersby,Normal,Ground,NaN
fletchling,Normal,Flying,fletchinder
fletchinder,Fire,Flying,talonflame
talonflame,Fire,Flying,NaN
scatterbug,Bug,NaN,spewpa
spewpa,Bug,NaN,vivillon
vivillon,Bug,Flying,NaN
litleo,Fire,Normal,pyroar
pyroar,Fire,Normal,NaN
flabebe,Fairy,NaN,floette
floette,Fairy,NaN,florges
florges,Fairy,NaN,NaN
skiddo,Grass,NaN,gogoat
gogoat,Grass,NaN,NaN
pancham,Fighting,NaN,pangoro
pangoro,Fighting,Dark,NaN
furfrou,Normal,NaN,NaN
espurr,Psychic,NaN,meowstic-male
meowstic-male,Psychic,NaN,NaN
honedge,Steel,Ghost,doublade
doublade,Steel,Ghost,aegislash-blade
aegislash-blade,Steel,Ghost,NaN
spritzee,Fairy,NaN,aromatisse
aromatisse,Fairy,NaN,NaN
swirlix,Fairy,NaN,slurpuff
slurpuff,Fairy,NaN,NaN
inkay,Dark,Psychic,malamar
malamar,Dark,Psychic,NaN
binacle,Rock,Water,barbaracle
barbaracle,Rock,Water,NaN
skrelp,Poison,Water,dragalge
dragalge,Poison,Dragon,NaN
clauncher,Water,NaN,clawitzer
clawitzer,Water,NaN,NaN
helioptile,Electric,Normal,heliolisk
heliolisk,Electric,Normal,NaN
tyrunt,Rock,Dragon,tyrantrum
tyrantrum,Rock,Dragon,NaN
amaura,Rock,Ice,aurorus
aurorus,Rock,Ice,NaN
sylveon,Fairy,NaN,NaN
hawlucha,Fighting,Flying,NaN
dedenne,Electric,Fairy,NaN
carbink,Rock,Fairy,NaN
goomy,Dragon,NaN,sliggoo
sliggoo,Dragon,NaN,goodra
goodra,Dragon,NaN,NaN
klefki,Steel,Fairy,NaN
phantump,Ghost,Grass,trevenant
trevenant,Ghost,Grass,NaN
pumpkaboo-average,Ghost,Grass,gourgeist-average
gourgeist-average,Ghost,Grass,NaN
bergmite,Ice,NaN,NaN
avalugg,Ice,NaN,NaN
noibat,Flying,Dragon,noivern
noivern,Flying,Dragon,NaN
xerneas,Fairy,NaN,NaN
yveltal,Dark,Flying,NaN
zygarde-50,Dragon,Ground,NaN
diancie,Rock,Fairy,NaN
hoopa-confined,Psychic,Ghost,NaN
volcanion,Fire,Water,NaN
rowlet,Grass,Flying,dartrix
dartrix,Grass,Flying,decidueye
decidueye,Grass,Ghost,NaN
litten,Fire,NaN,torracat
torracat,Fire,NaN,incineroar
incineroar,Fire,Dark,NaN
popplio,Water,NaN,brionne
brionne,Water,NaN,primarina
primarina,Water,Fairy,NaN
pikipek,Normal,Flying,trumbeak
trumbeak,Normal,Flying,toucannon
toucannon,Normal,Flying,NaN
yungoos,Normal,NaN,gumshoos
gumshoos,Normal,NaN,NaN
grubbin,Bug,NaN,charjabug
charjabug,Bug,Electric,vikavolt
vikavolt,Bug,Electric,NaN
crabrawler,Fighting,NaN,crabominable
crabominable,Fighting,Ice,NaN
oricorio-baile,Fire,Flying,NaN
cutiefly,Bug,Fairy,ribombee
ribombee,Bug,Fairy,NaN
rockruff,Rock,NaN,lycanroc-midday
lycanroc-midday,Rock,NaN,NaN
wishiwashi-solo,Water,NaN,NaN
mareanie,Poison,Water,toxapex
toxapex,Poison,Water,NaN
mudbray,Ground,NaN,mudsdale
mudsdale,Ground,NaN,NaN
dewpider,Water,Bug,araquanid
araquanid,Water,Bug,NaN
fomantis,Grass,NaN,lurantis
lurantis,Grass,NaN,NaN
morelull,Grass,Fairy,shiinotic
shiinotic,Grass,Fairy,NaN
salandit,Poison,Fire,salazzle
salazzle,Poison,Fire,NaN
stufful,Normal,Fighting,bewear
bewear,Normal,Fighting,NaN
bounsweet,Grass,NaN,steenee
steenee,Grass,NaN,tsareena
tsareena,Grass,NaN,NaN
comfey,Fairy,NaN,NaN
oranguru,Normal,Psychic,NaN
passimian,Fighting,NaN,NaN
wimpod,Bug,Water,golisopod
golisopod,Bug,Water,NaN
sandygast,Ghost,Ground,palossand
palossand,Ghost,Ground,NaN
pyukumuku,Water,NaN,NaN
type-null,Normal,NaN,silvally
silvally,Normal,NaN,NaN
minior-meteor,Rock,Flying,NaN
komala,Normal,NaN,NaN
turtonator,Fire,Dragon,NaN
togedemaru,Electric,Steel,NaN
mimikyu,Ghost,Fairy,NaN
bruxish,Water,Psychic,NaN
drampa,Normal,Dragon,NaN
dhelmise,Ghost,Grass,NaN
jangmo-o,Dragon,NaN,hakamo-o
hakamo-o,Dragon,Fighting,kommo-o
kommo-o,Dragon,Fighting,NaN
tapu-koko,Electric,Fairy,NaN
tapu-lele,Psychic,Fairy,NaN
tapu-bulu,Grass,Fairy,NaN
tapu-fini,Water,Fairy,NaN
cosmog,Psychic,NaN,cosmoem
cosmoem,Psychic,NaN,NaN
solgaleo,Psychic,Steel,NaN
lunala,Psychic,Ghost,NaN
nihilego,Rock,Poison,NaN
buzzwole,Bug,Fighting,NaN
pheromosa,Bug,Fighting,NaN
xurkitree,Electric,NaN,NaN
celesteela,Steel,Flying,NaN
kartana,Grass,Steel,NaN
guzzlord,Dark,Dragon,NaN
necrozma,Psychic,NaN,NaN
magearna,Steel,Fairy,NaN
marshadow,Fighting,Ghost,NaN
poipole,Poison,NaN,naganadel
naganadel,Poison,Dragon,NaN
stakataka,Rock,Steel,NaN
blacephalon,Fire,Ghost,NaN
zeraora,Electric,NaN,NaN
meltan,Steel,NaN,melmetal
melmetal,Steel,NaN,NaN
